ALTER SESSION SET NLS_DATE_FORMAT = 'MM/DD/YYYY';

CREATE TABLE JOB (
JOB_CODE varchar2(3) PRIMARY KEY,
JOB_DESCRIPTION varchar2(25),
JOB_CHG_HOUR float(8),
JOB_LAST_UPDATE date
);
INSERT INTO JOB VALUES('500','Programmer','35.75','11/20/2007');
INSERT INTO JOB VALUES('501','Systems Analyst','96.75','11/20/2007');
INSERT INTO JOB VALUES('502','Database Designer','125','3/24/2008');
INSERT INTO JOB VALUES('503','Electrical Engineer','84.5','11/20/2007');
INSERT INTO JOB VALUES('504','Mechanical Engineer','67.9000015258789','11/20/2007');
INSERT INTO JOB VALUES('505','Civil Engineer','55.7799987792969','11/20/2007');
INSERT INTO JOB VALUES('506','Clerical Support','26.8700008392334','11/20/2007');
INSERT INTO JOB VALUES('507','DSS Analyst','45.9500007629395','11/20/2007');
INSERT INTO JOB VALUES('508','Applications Designer','48.0999984741211','3/24/2008');
INSERT INTO JOB VALUES('509','Bio Technician','34.5499992370605','11/20/2007');
INSERT INTO JOB VALUES('510','General Support','18.3600006103516','11/20/2007');

CREATE TABLE EMPLOYEE (
EMP_NUM varchar2(3) PRIMARY KEY,
EMP_LNAME varchar2(15),
EMP_FNAME varchar2(15),
EMP_INITIAL varchar2(1),
EMP_HIREDATE date,
JOB_CODE varchar2(3) REFERENCES JOB,
EMP_YEARS integer
);
INSERT INTO EMPLOYEE VALUES('101','News','John','G','11/8/2000','502','4');
INSERT INTO EMPLOYEE VALUES('102','Senior','David','H','7/12/1989','501','15');
INSERT INTO EMPLOYEE VALUES('103','Arbough','June','E','12/1/1996','503','8');
INSERT INTO EMPLOYEE VALUES('104','Ramoras','Anne','K','11/15/1987','501','17');
INSERT INTO EMPLOYEE VALUES('105','Johnson','Alice','K','2/1/1993','502','12');
INSERT INTO EMPLOYEE VALUES('106','Smithfield','William','','6/22/2004','500','0');
INSERT INTO EMPLOYEE VALUES('107','Alonzo','Maria','D','10/10/1993','500','11');
INSERT INTO EMPLOYEE VALUES('108','Washington','Ralph','B','8/22/1991','501','13');
INSERT INTO EMPLOYEE VALUES('109','Smith','Larry','W','7/18/1997','501','7');
INSERT INTO EMPLOYEE VALUES('110','Olenko','Gerald','A','12/11/1995','505','9');
INSERT INTO EMPLOYEE VALUES('111','Wabash','Geoff','B','4/4/1991','506','14');
INSERT INTO EMPLOYEE VALUES('112','Smithson','Darlene','M','10/23/1994','507','10');
INSERT INTO EMPLOYEE VALUES('113','Joenbrood','Delbert','K','11/15/1996','508','8');
INSERT INTO EMPLOYEE VALUES('114','Jones','Annelise','','8/20/1993','508','11');
INSERT INTO EMPLOYEE VALUES('115','Bawangi','Travis','B','1/25/1992','501','13');
INSERT INTO EMPLOYEE VALUES('116','Pratt','Gerald','L','3/5/1997','510','8');
INSERT INTO EMPLOYEE VALUES('117','Williamson','Angie','H','6/19/1996','509','8');
INSERT INTO EMPLOYEE VALUES('118','Frommer','James','J','1/4/2005','510','0');

CREATE TABLE PROJECT (
PROJ_NUM varchar2(3) PRIMARY KEY,
PROJ_NAME varchar2(25),
PROJ_VALUE float(8),
PROJ_BALANCE float(8),
EMP_NUM varchar2(3) REFERENCES EMPLOYEE
);
INSERT INTO PROJECT VALUES('15','Evergreen','1453500','1002349.75','103');
INSERT INTO PROJECT VALUES('18','Amber Wave','3500500','2110346','108');
INSERT INTO PROJECT VALUES('22','Rolling Tide','805000','500345.1875','102');
INSERT INTO PROJECT VALUES('25','Starflight','2650500','2309879.75','107');

CREATE TABLE ASSIGNMENT (
ASSIGN_NUM integer PRIMARY KEY,
ASSIGN_DATE date,
PROJ_NUM varchar2(3) REFERENCES Project,
EMP_NUM varchar2(3)REFERENCES Employee,
ASSIGN_JOB varchar2(3),
ASSIGN_CHG_HR float(8),
ASSIGN_HOURS float(8),
ASSIGN_CHARGE float(8)
);
INSERT INTO ASSIGNMENT VALUES('1001','3/22/2008','18','103','503','84.5','3.5','295.75');
INSERT INTO ASSIGNMENT VALUES('1002','3/22/2008','22','117','509','34.5499992370605','4.19999980926514','145.110000610352');
INSERT INTO ASSIGNMENT VALUES('1003','3/22/2008','18','117','509','34.5499992370605','2','69.0999984741211');
INSERT INTO ASSIGNMENT VALUES('1004','3/22/2008','18','103','503','84.5','5.90000009536743','498.549987792969');
INSERT INTO ASSIGNMENT VALUES('1005','3/22/2008','25','108','501','96.75','2.20000004768372','212.850006103516');
INSERT INTO ASSIGNMENT VALUES('1006','3/22/2008','22','104','501','96.75','4.19999980926514','406.350006103516');
INSERT INTO ASSIGNMENT VALUES('1007','3/22/2008','25','113','508','50.75','3.79999995231628','192.850006103516');
INSERT INTO ASSIGNMENT VALUES('1008','3/22/2008','18','103','503','84.5','0.899999976158142','76.0500030517578');
INSERT INTO ASSIGNMENT VALUES('1009','3/23/2008','15','115','501','96.75','5.59999990463257','541.799987792969');
INSERT INTO ASSIGNMENT VALUES('1010','3/23/2008','15','117','509','34.5499992370605','2.40000009536743','82.9199981689453');
INSERT INTO ASSIGNMENT VALUES('1011','3/23/2008','25','105','502','105','4.30000019073486','451.5');
INSERT INTO ASSIGNMENT VALUES('1012','3/23/2008','18','108','501','96.75','3.40000009536743','328.950012207031');
INSERT INTO ASSIGNMENT VALUES('1013','3/23/2008','25','115','501','96.75','2','193.5');
INSERT INTO ASSIGNMENT VALUES('1014','3/23/2008','22','104','501','96.75','2.79999995231628','270.899993896484');
INSERT INTO ASSIGNMENT VALUES('1015','3/23/2008','15','103','503','84.5','6.09999990463257','515.450012207031');
INSERT INTO ASSIGNMENT VALUES('1016','3/23/2008','22','105','502','105','4.69999980926514','493.5');
INSERT INTO ASSIGNMENT VALUES('1017','3/23/2008','18','117','509','34.5499992370605','3.79999995231628','131.289993286133');
INSERT INTO ASSIGNMENT VALUES('1018','3/23/2008','25','117','509','34.5499992370605','2.20000004768372','76.0100021362305');
INSERT INTO ASSIGNMENT VALUES('1019','3/24/2008','25','104','501','110.5','4.90000009536743','541.450012207031');
INSERT INTO ASSIGNMENT VALUES('1020','3/24/2008','15','101','502','125','3.09999990463257','387.5');
INSERT INTO ASSIGNMENT VALUES('1021','3/24/2008','22','108','501','110.5','2.70000004768372','298.350006103516');
INSERT INTO ASSIGNMENT VALUES('1022','3/24/2008','22','115','501','110.5','4.90000009536743','541.450012207031');
INSERT INTO ASSIGNMENT VALUES('1023','3/24/2008','22','105','502','125','3.5','437.5');
INSERT INTO ASSIGNMENT VALUES('1024','3/24/2008','15','103','503','84.5','3.29999995231628','278.850006103516');
INSERT INTO ASSIGNMENT VALUES('1025','3/24/2008','18','117','509','34.5499992370605','4.19999980926514','145.110000610352');

